observation_date,CSUSHPISA,Year,Month,Per_Capita_GDP,working_age_pop,Houses,CPI,UNRATE,EmpRate,Cons_Material,FEDFUNDS,Num_Households,median_income,Subsidy,old_age_pop
1987-01-01,63.963,1987.0,1.0,37132.0,153840000.0,6.0,111.4,6.6,70.15342,107.6,6.43,89479.0,63060.0,11.506,11.9901802513702
1987-02-01,64.422,1987.0,2.0,37239.333333333336,154053700.0,6.2,111.8,6.6,70.28307,107.9,6.1,89479.0,63060.0,11.506,11.9901802513702
1987-03-01,64.734,1987.0,3.0,37346.666666666664,154196500.0,6.0,112.2,6.6,70.31551999999999,108.1,6.13,89479.0,63060.0,11.506,11.9901802513702
1987-04-01,65.13,1987.0,4.0,37454.0,154342400.0,6.0,112.7,6.3,70.50945,108.3,6.37,89479.0,63060.0,11.506,11.9901802513702
1987-05-01,65.562,1987.0,5.0,37531.0,154526500.0,6.7,113.0,6.3,70.814,108.3,6.85,89479.0,63060.0,11.506,11.9901802513702
1987-06-01,66.071,1987.0,6.0,37608.0,154669000.0,6.9,113.5,6.2,70.59533,108.6,6.73,89479.0,63060.0,11.506,11.9901802513702
1987-07-01,66.507,1987.0,7.0,37685.0,154727100.0,6.7,113.8,6.1,70.79815,109.2,6.58,89479.0,63060.0,11.506,11.9901802513702
1987-08-01,66.938,1987.0,8.0,37869.333333333336,154800000.0,6.8,114.3,6.0,71.00001999999999,109.7,6.73,89479.0,63060.0,11.506,11.9901802513702
1987-09-01,67.33,1987.0,9.0,38053.666666666664,154923400.0,6.8,114.7,5.9,70.91275,110.5,7.22,89479.0,63060.0,11.506,11.9901802513702
1987-10-01,67.738,1987.0,10.0,38238.0,155026300.0,6.8,115.0,6.0,71.10670999999999,111.5,7.29,89479.0,63060.0,11.506,11.9901802513702
1987-11-01,68.105,1987.0,11.0,38278.333333333336,155189000.0,7.0,115.4,5.8,71.16354,112.2,6.69,89479.0,63060.0,11.506,11.9901802513702
1987-12-01,68.50399999999999,1987.0,12.0,38318.666666666664,155264500.0,7.6,115.6,5.7,71.29069,112.6,6.77,89479.0,63060.0,11.506,11.9901802513702
1988-01-01,68.85600000000001,1988.0,1.0,38359.0,155388900.0,7.5,116.0,5.7,71.31954,113.9,6.83,91124.0,63530.0,12.743,12.1090634775138
1988-02-01,69.26,1988.0,2.0,38500.0,155512200.0,6.6,116.2,5.7,71.37479,114.0,6.58,91124.0,63530.0,12.743,12.1090634775138
1988-03-01,69.63600000000001,1988.0,3.0,38641.0,155613300.0,6.6,116.5,5.7,71.28201999999999,114.2,6.58,91124.0,63530.0,12.743,12.1090634775138
1988-04-01,69.97399999999999,1988.0,4.0,38782.0,155656600.0,6.4,117.2,5.4,71.51909,114.9,6.87,91124.0,63530.0,12.743,12.1090634775138
1988-05-01,70.425,1988.0,5.0,38824.0,155821700.0,6.6,117.5,5.6,71.33400999999999,115.2,7.09,91124.0,63530.0,12.743,12.1090634775138
1988-06-01,70.888,1988.0,6.0,38866.0,155988800.0,6.2,118.0,5.4,71.58799,115.3,7.51,91124.0,63530.0,12.743,12.1090634775138
1988-07-01,71.354,1988.0,7.0,38908.0,156056900.0,6.6,118.5,5.4,71.67754000000001,115.9,7.75,91124.0,63530.0,12.743,12.1090634775138
1988-08-01,71.79899999999999,1988.0,8.0,39048.0,156122900.0,6.6,119.0,5.6,71.79507,116.1,8.01,91124.0,63530.0,12.743,12.1090634775138
1988-09-01,72.24,1988.0,9.0,39188.0,156294100.0,6.5,119.5,5.4,71.81421999999999,116.3,8.19,91124.0,63530.0,12.743,12.1090634775138
1988-10-01,72.635,1988.0,10.0,39328.0,156404400.0,6.0,119.9,5.4,71.94501,117.1,8.3,91124.0,63530.0,12.743,12.1090634775138
1988-11-01,73.07,1988.0,11.0,39434.666666666664,156514900.0,7.2,120.3,5.3,72.04381,117.4,8.35,91124.0,63530.0,12.743,12.1090634775138
1988-12-01,73.46300000000001,1988.0,12.0,39541.333333333336,156623400.0,6.8,120.7,5.3,72.11964,117.6,8.76,91124.0,63530.0,12.743,12.1090634775138
1989-01-01,73.946,1989.0,1.0,39648.0,156757900.0,6.2,121.2,5.4,72.27996999999999,118.3,9.12,92830.0,64610.0,14.215,12.2178715566084
1989-02-01,74.382,1989.0,2.0,39719.0,156822600.0,7.5,121.6,5.2,72.29543000000001,118.6,9.36,92830.0,64610.0,14.215,12.2178715566084
1989-03-01,74.777,1989.0,3.0,39790.0,156872200.0,8.2,122.2,5.0,72.41513,118.9,9.85,92830.0,64610.0,14.215,12.2178715566084
1989-04-01,75.084,1989.0,4.0,39861.0,156922000.0,7.4,123.1,5.2,72.34288000000001,119.3,9.84,92830.0,64610.0,14.215,12.2178715566084
1989-05-01,75.305,1989.0,5.0,39922.666666666664,156992000.0,7.1,123.7,5.2,72.39084,119.6,9.81,92830.0,64610.0,14.215,12.2178715566084
1989-06-01,75.47800000000001,1989.0,6.0,39984.333333333336,157011800.0,7.2,124.1,5.3,72.57137,119.6,9.53,92830.0,64610.0,14.215,12.2178715566084
1989-07-01,75.655,1989.0,7.0,40046.0,157100200.0,6.1,124.5,5.2,72.59156,119.8,9.24,92830.0,64610.0,14.215,12.2178715566084
1989-08-01,75.833,1989.0,8.0,40035.666666666664,157280500.0,6.4,124.5,5.2,72.70461999999999,119.5,8.99,92830.0,64610.0,14.215,12.2178715566084
1989-09-01,76.055,1989.0,9.0,40025.333333333336,157626300.0,7.1,124.8,5.3,72.49812,119.9,9.02,92830.0,64610.0,14.215,12.2178715566084
1989-10-01,76.281,1989.0,10.0,40015.0,157659800.0,6.9,125.4,5.3,72.58733000000001,120.6,8.84,92830.0,64610.0,14.215,12.2178715566084
1989-11-01,76.51899999999999,1989.0,11.0,40130.333333333336,157796100.0,6.6,125.9,5.4,72.74335,120.2,8.55,92830.0,64610.0,14.215,12.2178715566084
1989-12-01,76.704,1989.0,12.0,40245.666666666664,157907900.0,7.0,126.3,5.4,72.58896999999999,119.4,8.45,92830.0,64610.0,14.215,12.2178715566084
1990-01-01,76.89699999999999,1990.0,1.0,40361.0,159279900.0,7.0,127.5,5.4,72.47977,119.1,8.23,93347.0,63830.0,15.487,12.3050798148742
1990-02-01,77.053,1990.0,2.0,40368.0,159391100.0,7.6,128.0,5.3,72.44833,119.0,8.24,93347.0,63830.0,15.487,12.3050798148742
1990-03-01,77.20100000000001,1990.0,3.0,40375.0,159467100.0,7.8,128.6,5.2,72.48323,119.6,8.28,93347.0,63830.0,15.487,12.3050798148742
1990-04-01,77.278,1990.0,4.0,40382.0,159562600.0,8.3,128.9,5.4,72.32558,120.1,8.26,93347.0,63830.0,15.487,12.3050798148742
1990-05-01,77.297,1990.0,5.0,40343.333333333336,159619200.0,8.2,129.1,5.4,72.49436,120.1,8.18,93347.0,63830.0,15.487,12.3050798148742
1990-06-01,77.258,1990.0,6.0,40304.666666666664,159720800.0,7.9,129.9,5.2,72.41821,119.5,8.29,93347.0,63830.0,15.487,12.3050798148742
1990-07-01,77.138,1990.0,7.0,40266.0,159809400.0,7.8,130.5,5.5,72.28289000000001,119.7,8.15,93347.0,63830.0,15.487,12.3050798148742
1990-08-01,77.008,1990.0,8.0,40097.0,159984800.0,8.2,131.6,5.7,72.1218,119.5,8.13,93347.0,63830.0,15.487,12.3050798148742
1990-09-01,76.84899999999999,1990.0,9.0,39928.0,160224300.0,8.4,132.5,5.9,71.94706,119.8,8.2,93347.0,63830.0,15.487,12.3050798148742
1990-10-01,76.7,1990.0,10.0,39759.0,160262100.0,8.7,133.4,5.9,71.9332,119.6,8.11,93347.0,63830.0,15.487,12.3050798148742
1990-11-01,76.369,1990.0,11.0,39656.333333333336,160496500.0,8.2,133.7,6.2,71.59193,119.7,7.81,93347.0,63830.0,15.487,12.3050798148742
1990-12-01,76.185,1990.0,12.0,39553.666666666664,160679500.0,8.5,134.2,6.3,71.56575,119.7,7.31,93347.0,63830.0,15.487,12.3050798148742
1991-01-01,75.915,1991.0,1.0,39451.0,160535000.0,9.4,134.7,6.4,71.36242,120.0,6.91,94312.0,61960.0,17.055,12.3519332841069
1991-02-01,75.733,1991.0,2.0,39511.333333333336,160713500.0,7.9,134.8,6.6,71.20109000000001,119.9,6.25,94312.0,61960.0,17.055,12.3519332841069
1991-03-01,75.569,1991.0,3.0,39571.666666666664,160886400.0,7.3,134.8,6.8,71.07070999999999,120.0,6.12,94312.0,61960.0,17.055,12.3519332841069
1991-04-01,75.565,1991.0,4.0,39632.0,160955500.0,7.3,135.1,6.7,71.21894,120.1,5.91,94312.0,61960.0,17.055,12.3519332841069
1991-05-01,75.764,1991.0,5.0,39651.666666666664,161110900.0,7.0,135.6,6.9,70.86725,120.6,5.78,94312.0,61960.0,17.055,12.3519332841069
1991-06-01,75.991,1991.0,6.0,39671.333333333336,161171800.0,7.0,136.0,6.9,71.04227,121.4,5.9,94312.0,61960.0,17.055,12.3519332841069
1991-07-01,76.081,1991.0,7.0,39691.0,161187800.0,7.1,136.2,6.8,70.98646,121.5,5.82,94312.0,61960.0,17.055,12.3519332841069
1991-08-01,76.108,1991.0,8.0,39692.0,161386900.0,6.8,136.6,6.9,70.76375,120.3,5.66,94312.0,61960.0,17.055,12.3519332841069
1991-09-01,76.192,1991.0,9.0,39693.0,161531000.0,7.4,137.0,6.9,70.9534,120.3,5.45,94312.0,61960.0,17.055,12.3519332841069
1991-10-01,76.074,1991.0,10.0,39694.0,161639300.0,6.7,137.2,7.0,70.82858,120.2,5.21,94312.0,61960.0,17.055,12.3519332841069
1991-11-01,76.012,1991.0,11.0,39813.0,161833800.0,6.2,137.8,7.0,70.70483,120.1,4.81,94312.0,61960.0,17.055,12.3519332841069
1991-12-01,76.056,1991.0,12.0,39932.0,162020800.0,6.2,138.2,7.3,70.55936,120.2,4.43,94312.0,61960.0,17.055,12.3519332841069
1992-01-01,76.087,1992.0,1.0,40051.0,161787800.0,5.2,138.3,7.3,70.83564,120.6,4.03,95669.0,61450.0,18.42,12.3867401310392
1992-02-01,76.156,1992.0,2.0,40150.666666666664,162011000.0,4.9,138.6,7.4,70.66747,121.9,4.06,95669.0,61450.0,18.42,12.3867401310392
1992-03-01,76.277,1992.0,3.0,40250.333333333336,162186700.0,6.1,139.1,7.4,70.70118000000001,122.7,3.98,95669.0,61450.0,18.42,12.3867401310392
1992-04-01,76.346,1992.0,4.0,40350.0,162304000.0,6.1,139.4,7.4,70.86629,122.8,3.73,95669.0,61450.0,18.42,12.3867401310392
1992-05-01,76.398,1992.0,5.0,40433.0,162458400.0,6.0,139.7,7.6,70.81203000000001,122.7,3.82,95669.0,61450.0,18.42,12.3867401310392
1992-06-01,76.332,1992.0,6.0,40516.0,162370400.0,5.6,140.1,7.8,70.95465,122.6,3.76,95669.0,61450.0,18.42,12.3867401310392
1992-07-01,76.264,1992.0,7.0,40599.0,162423900.0,5.3,140.5,7.7,71.10965999999999,122.4,3.25,95669.0,61450.0,18.42,12.3867401310392
1992-08-01,76.23100000000001,1992.0,8.0,40693.0,162794000.0,5.2,140.8,7.6,70.91864,122.4,3.3,95669.0,61450.0,18.42,12.3867401310392
1992-09-01,76.23899999999999,1992.0,9.0,40787.0,163068000.0,5.0,141.1,7.6,70.76086,123.0,3.22,95669.0,61450.0,18.42,12.3867401310392
1992-10-01,76.376,1992.0,10.0,40881.0,163264500.0,5.1,141.7,7.3,70.63158,122.6,3.1,95669.0,61450.0,18.42,12.3867401310392
1992-11-01,76.558,1992.0,11.0,40863.666666666664,163396100.0,5.4,142.1,7.4,70.66575,122.7,3.09,95669.0,61450.0,18.42,12.3867401310392
1992-12-01,76.67399999999999,1992.0,12.0,40846.333333333336,163524800.0,5.0,142.3,7.4,70.78416,123.7,2.92,95669.0,61450.0,18.42,12.3867401310392
1993-01-01,76.78399999999999,1993.0,1.0,40829.0,163356500.0,5.4,142.8,7.3,70.85063000000001,125.2,3.02,96426.0,61150.0,20.607,12.4064404858196
1993-02-01,76.83800000000001,1993.0,2.0,40866.666666666664,163533600.0,5.3,143.1,7.1,70.95653,127.4,3.03,96426.0,61150.0,20.607,12.4064404858196
1993-03-01,76.868,1993.0,3.0,40904.333333333336,163680200.0,5.4,143.3,7.0,71.00947,129.2,3.07,96426.0,61150.0,20.607,12.4064404858196
1993-04-01,76.936,1993.0,4.0,40942.0,163889700.0,4.7,143.8,7.1,70.93454,129.5,2.96,96426.0,61150.0,20.607,12.4064404858196
1993-05-01,77.038,1993.0,5.0,40960.333333333336,164007800.0,5.3,144.2,7.1,71.19592,128.5,3.0,96426.0,61150.0,20.607,12.4064404858196
1993-06-01,77.243,1993.0,6.0,40978.666666666664,164003300.0,5.2,144.3,7.0,71.34258,127.7,3.04,96426.0,61150.0,20.607,12.4064404858196
1993-07-01,77.429,1993.0,7.0,40997.0,164135100.0,5.3,144.5,6.9,71.33976,127.4,3.06,96426.0,61150.0,20.607,12.4064404858196
1993-08-01,77.613,1993.0,8.0,41139.0,164353500.0,5.5,144.8,6.8,71.38128,128.2,3.03,96426.0,61150.0,20.607,12.4064404858196
1993-09-01,77.795,1993.0,9.0,41281.0,164592800.0,4.9,145.0,6.7,71.20003,129.1,3.09,96426.0,61150.0,20.607,12.4064404858196
1993-10-01,77.941,1993.0,10.0,41423.0,164786900.0,5.0,145.6,6.8,71.21956999999999,129.3,2.99,96426.0,61150.0,20.607,12.4064404858196
1993-11-01,78.148,1993.0,11.0,41519.666666666664,164824400.0,4.8,146.0,6.6,71.45026999999999,130.3,3.02,96426.0,61150.0,20.607,12.4064404858196
1993-12-01,78.32600000000001,1993.0,12.0,41616.333333333336,164979500.0,4.5,146.3,6.5,71.59844,131.4,2.96,96426.0,61150.0,20.607,12.4064404858196
1994-01-01,78.59100000000001,1994.0,1.0,41713.0,165025700.0,5.9,146.3,6.6,71.55912,132.5,3.05,97107.0,61800.0,21.764,12.4074406532205
1994-02-01,78.727,1994.0,2.0,41860.0,165223600.0,5.0,146.7,6.6,71.67245,132.4,3.25,97107.0,61800.0,21.764,12.4074406532205
1994-03-01,78.85600000000001,1994.0,3.0,42007.0,165408400.0,4.8,147.1,6.5,71.56939,132.7,3.34,97107.0,61800.0,21.764,12.4074406532205
1994-04-01,78.987,1994.0,4.0,42154.0,165595300.0,5.2,147.2,6.4,71.65061999999999,132.1,3.56,97107.0,61800.0,21.764,12.4074406532205
1994-05-01,79.221,1994.0,5.0,42190.666666666664,165680100.0,5.3,147.5,6.1,71.96645,132.4,4.01,97107.0,61800.0,21.764,12.4074406532205
1994-06-01,79.422,1994.0,6.0,42227.333333333336,165817700.0,6.2,147.9,6.1,71.82449,133.3,4.25,97107.0,61800.0,21.764,12.4074406532205
1994-07-01,79.594,1994.0,7.0,42264.0,165974200.0,6.3,148.4,6.1,71.8559,133.4,4.26,97107.0,61800.0,21.764,12.4074406532205
1994-08-01,79.781,1994.0,8.0,42382.0,166008000.0,6.1,149.0,6.0,72.10699,134.1,4.47,97107.0,61800.0,21.764,12.4074406532205
1994-09-01,79.919,1994.0,9.0,42500.0,166131500.0,6.0,149.3,5.9,72.23749000000001,135.0,4.73,97107.0,61800.0,21.764,12.4074406532205
1994-10-01,80.065,1994.0,10.0,42618.0,166231800.0,5.6,149.4,5.8,72.43003,135.3,4.76,97107.0,61800.0,21.764,12.4074406532205
1994-11-01,80.15,1994.0,11.0,42630.0,166243500.0,6.3,149.8,5.6,72.59345,136.5,5.29,97107.0,61800.0,21.764,12.4074406532205
1994-12-01,80.296,1994.0,12.0,42642.0,166412900.0,6.6,150.1,5.5,72.65704000000001,136.5,5.45,97107.0,61800.0,21.764,12.4074406532205
1995-01-01,80.426,1995.0,1.0,42654.0,166418800.0,6.8,150.5,5.6,72.56609,137.4,5.53,98990.0,63770.0,24.396,12.4053596836067
1995-02-01,80.527,1995.0,2.0,42656.0,166552400.0,7.3,150.9,5.4,72.71540999999999,138.0,5.92,98990.0,63770.0,24.396,12.4053596836067
1995-03-01,80.597,1995.0,3.0,42658.0,166673800.0,6.8,151.2,5.4,72.67878,138.6,5.98,98990.0,63770.0,24.396,12.4053596836067
1995-04-01,80.66,1995.0,4.0,42660.0,166889000.0,6.7,151.8,5.8,72.6049,139.2,6.05,98990.0,63770.0,24.396,12.4053596836067
1995-05-01,80.703,1995.0,5.0,42735.0,166992100.0,6.3,152.1,5.6,72.41306,139.3,6.01,98990.0,63770.0,24.396,12.4053596836067
1995-06-01,80.785,1995.0,6.0,42810.0,167068600.0,5.8,152.4,5.6,72.44585,138.9,6.0,98990.0,63770.0,24.396,12.4053596836067
1995-07-01,80.937,1995.0,7.0,42885.0,167191900.0,5.6,152.6,5.7,72.55041999999999,139.6,5.85,98990.0,63770.0,24.396,12.4053596836067
1995-08-01,81.109,1995.0,8.0,42938.0,167345300.0,6.1,152.9,5.7,72.47972,139.8,5.74,98990.0,63770.0,24.396,12.4053596836067
1995-09-01,81.306,1995.0,9.0,42991.0,167463500.0,6.3,153.1,5.6,72.48980999999999,139.7,5.8,98990.0,63770.0,24.396,12.4053596836067
1995-10-01,81.482,1995.0,10.0,43044.0,167608600.0,6.3,153.5,5.5,72.56992,139.1,5.76,98990.0,63770.0,24.396,12.4053596836067
1995-11-01,81.618,1995.0,11.0,43115.666666666664,167772300.0,6.8,153.7,5.6,72.50144,138.4,5.8,98990.0,63770.0,24.396,12.4053596836067
1995-12-01,81.736,1995.0,12.0,43187.333333333336,167960900.0,6.4,153.9,5.6,72.37071,138.1,5.6,98990.0,63770.0,24.396,12.4053596836067
1996-01-01,81.834,1996.0,1.0,43259.0,167943400.0,6.4,154.7,5.6,72.35031,137.7,5.56,99627.0,64710.0,25.075,12.3882659963334
1996-02-01,81.95299999999999,1996.0,2.0,43458.0,168088000.0,5.3,155.0,5.5,72.52243,137.7,5.22,99627.0,64710.0,25.075,12.3882659963334
1996-03-01,82.193,1996.0,3.0,43657.0,168280500.0,6.2,155.5,5.5,72.58784,137.8,5.31,99627.0,64710.0,25.075,12.3882659963334
1996-04-01,82.42,1996.0,4.0,43856.0,168521200.0,6.0,156.1,5.6,72.56405,138.2,5.22,99627.0,64710.0,25.075,12.3882659963334
1996-05-01,82.609,1996.0,5.0,43939.0,168631200.0,5.9,156.4,5.6,72.70253000000001,139.6,5.24,99627.0,64710.0,25.075,12.3882659963334
1996-06-01,82.75200000000001,1996.0,6.0,44022.0,168761400.0,6.0,156.7,5.3,72.81988,140.0,5.27,99627.0,64710.0,25.075,12.3882659963334
1996-07-01,82.928,1996.0,7.0,44105.0,168836200.0,5.7,157.0,5.5,72.97945,139.9,5.4,99627.0,64710.0,25.075,12.3882659963334
1996-08-01,83.086,1996.0,8.0,44210.333333333336,169017900.0,5.0,157.2,5.1,73.04308,140.4,5.22,99627.0,64710.0,25.075,12.3882659963334
1996-09-01,83.256,1996.0,9.0,44315.666666666664,169232400.0,5.2,157.7,5.2,73.16673,141.4,5.3,99627.0,64710.0,25.075,12.3882659963334
1996-10-01,83.376,1996.0,10.0,44421.0,169379200.0,5.6,158.2,5.2,73.29047,140.7,5.24,99627.0,64710.0,25.075,12.3882659963334
1996-11-01,83.552,1996.0,11.0,44477.333333333336,169625500.0,5.2,158.7,5.4,73.17086,141.3,5.31,99627.0,64710.0,25.075,12.3882659963334
1996-12-01,83.721,1996.0,12.0,44533.666666666664,169841500.0,5.0,159.1,5.4,73.12843000000001,140.9,5.29,99627.0,64710.0,25.075,12.3882659963334
1997-01-01,83.955,1997.0,1.0,44590.0,170318700.0,4.7,159.4,5.3,73.05008000000001,141.1,5.25,101018.0,66050.0,23.506,12.3542498411949
1997-02-01,84.18,1997.0,2.0,44794.333333333336,170449200.0,4.5,159.7,5.2,73.07498000000001,141.8,5.19,101018.0,66050.0,23.506,12.3542498411949
1997-03-01,84.45100000000001,1997.0,3.0,44998.666666666664,170644700.0,4.1,159.8,5.2,73.36877,142.1,5.39,101018.0,66050.0,23.506,12.3542498411949
1997-04-01,84.624,1997.0,4.0,45203.0,170755200.0,4.7,159.9,5.1,73.34178,142.6,5.51,101018.0,66050.0,23.506,12.3542498411949
1997-05-01,84.86200000000001,1997.0,5.0,45340.666666666664,170887800.0,4.6,159.9,4.9,73.48344,142.6,5.5,101018.0,66050.0,23.506,12.3542498411949
1997-06-01,85.081,1997.0,6.0,45478.333333333336,171078100.0,4.4,160.2,5.0,73.45040999999999,142.5,5.56,101018.0,66050.0,23.506,12.3542498411949
1997-07-01,85.331,1997.0,7.0,45616.0,171202700.0,4.4,160.4,4.9,73.66841,142.8,5.52,101018.0,66050.0,23.506,12.3542498411949
1997-08-01,85.572,1997.0,8.0,45698.0,171320800.0,4.3,160.8,4.8,73.753,142.6,5.54,101018.0,66050.0,23.506,12.3542498411949
1997-09-01,85.85,1997.0,9.0,45780.0,171527000.0,4.2,161.2,4.9,73.65397,142.1,5.54,101018.0,66050.0,23.506,12.3542498411949
1997-10-01,86.147,1997.0,10.0,45862.0,171669900.0,4.3,161.5,4.7,73.66714,141.5,5.5,101018.0,66050.0,23.506,12.3542498411949
1997-11-01,86.633,1997.0,11.0,45976.0,171816800.0,3.9,161.7,4.6,73.8119,141.8,5.52,101018.0,66050.0,23.506,12.3542498411949
1997-12-01,87.09299999999999,1997.0,12.0,46090.0,172014100.0,4.4,161.8,4.7,73.75434,141.4,5.5,101018.0,66050.0,23.506,12.3542498411949
1998-01-01,87.615,1998.0,1.0,46204.0,172115900.0,4.0,162.0,4.6,73.70663,141.2,5.56,102528.0,68470.0,21.577,12.3014879807447
1998-02-01,88.00299999999999,1998.0,2.0,46304.0,172291200.0,3.9,162.0,4.6,73.77898,141.3,5.51,102528.0,68470.0,21.577,12.3014879807447
1998-03-01,88.44200000000001,1998.0,3.0,46404.0,172394700.0,4.1,162.0,4.7,73.78989,141.4,5.49,102528.0,68470.0,21.577,12.3014879807447
1998-04-01,88.87799999999999,1998.0,4.0,46504.0,172509100.0,4.0,162.2,4.3,73.87052,141.8,5.45,102528.0,68470.0,21.577,12.3014879807447
1998-05-01,89.36399999999999,1998.0,5.0,46650.333333333336,172704000.0,3.9,162.6,4.4,73.87416999999999,141.6,5.49,102528.0,68470.0,21.577,12.3014879807447
1998-06-01,89.845,1998.0,6.0,46796.666666666664,172928200.0,3.8,162.8,4.5,73.8033,141.2,5.56,102528.0,68470.0,21.577,12.3014879807447
1998-07-01,90.31,1998.0,7.0,46943.0,173102500.0,4.0,163.2,4.5,73.73663,141.9,5.54,102528.0,68470.0,21.577,12.3014879807447
1998-08-01,90.786,1998.0,8.0,47147.0,173268900.0,4.1,163.4,4.5,73.83757,142.4,5.55,102528.0,68470.0,21.577,12.3014879807447
1998-09-01,91.259,1998.0,9.0,47351.0,173435300.0,4.1,163.5,4.6,73.93851,142.0,5.51,102528.0,68470.0,21.577,12.3014879807447
1998-10-01,91.717,1998.0,10.0,47555.0,173550900.0,4.0,163.9,4.5,73.86706,140.8,5.07,102528.0,68470.0,21.577,12.3014879807447
1998-11-01,92.2,1998.0,11.0,47663.333333333336,173720100.0,3.5,164.1,4.4,73.91195,140.5,4.83,102528.0,68470.0,21.577,12.3014879807447
1998-12-01,92.712,1998.0,12.0,47771.666666666664,173884900.0,3.8,164.4,4.4,74.04736,140.5,4.68,102528.0,68470.0,21.577,12.3014879807447
1999-01-01,93.208,1999.0,1.0,47880.0,174367300.0,3.9,164.7,4.3,74.07496,140.5,4.63,103874.0,70210.0,21.072,12.2408686816707
1999-02-01,93.672,1999.0,2.0,47969.333333333336,174527600.0,4.0,164.7,4.4,73.93724,141.1,4.76,103874.0,70210.0,21.072,12.2408686816707
1999-03-01,94.217,1999.0,3.0,48058.666666666664,174666700.0,4.1,164.8,4.2,73.93972,141.6,4.81,103874.0,70210.0,21.072,12.2408686816707
1999-04-01,94.784,1999.0,4.0,48148.0,174790500.0,3.9,165.9,4.3,73.81293000000001,141.6,4.74,103874.0,70210.0,21.072,12.2408686816707
1999-05-01,95.344,1999.0,5.0,48309.333333333336,175019100.0,4.0,166.0,4.2,73.98454,142.3,4.74,103874.0,70210.0,21.072,12.2408686816707
1999-06-01,95.975,1999.0,6.0,48470.666666666664,175244400.0,3.9,166.0,4.3,73.90408000000001,143.9,4.76,103874.0,70210.0,21.072,12.2408686816707
1999-07-01,96.591,1999.0,7.0,48632.0,175432000.0,4.0,166.7,4.3,73.88265,145.0,4.99,103874.0,70210.0,21.072,12.2408686816707
1999-08-01,97.219,1999.0,8.0,48848.333333333336,175590100.0,4.0,167.1,4.2,73.91766,144.8,5.07,103874.0,70210.0,21.072,12.2408686816707
1999-09-01,97.862,1999.0,9.0,49064.666666666664,175719600.0,4.5,167.8,4.2,73.83870999999999,143.5,5.22,103874.0,70210.0,21.072,12.2408686816707
1999-10-01,98.523,1999.0,10.0,49281.0,175950700.0,4.2,168.1,4.1,73.9446,142.6,5.2,103874.0,70210.0,21.072,12.2408686816707
1999-11-01,99.153,1999.0,11.0,49299.0,176039400.0,4.3,168.4,4.1,74.03434,142.9,5.42,103874.0,70210.0,21.072,12.2408686816707
1999-12-01,99.844,1999.0,12.0,49317.0,176186100.0,4.3,168.8,4.0,74.10478,143.3,5.3,103874.0,70210.0,21.072,12.2408686816707
2000-01-01,100.551,2000.0,1.0,49335.0,178204700.0,4.3,169.3,4.0,74.25289000000001,144.1,5.45,104705.0,70020.0,19.69,12.1858169904893
2000-02-01,101.339,2000.0,2.0,49593.0,178284300.0,4.3,170.0,4.1,74.27589,144.7,5.73,104705.0,70020.0,19.69,12.1858169904893
2000-03-01,102.126,2000.0,3.0,49851.0,178368700.0,4.3,171.0,4.0,74.22825,145.4,5.85,104705.0,70020.0,19.69,12.1858169904893
2000-04-01,102.923,2000.0,4.0,50109.0,178535900.0,4.4,170.9,3.8,74.51315,145.6,6.02,104705.0,70020.0,19.69,12.1858169904893
2000-05-01,103.678,2000.0,5.0,50080.666666666664,178770100.0,4.4,171.2,4.0,74.08556,144.9,6.27,104705.0,70020.0,19.69,12.1858169904893
2000-06-01,104.424,2000.0,6.0,50052.333333333336,179073300.0,4.8,172.2,4.0,74.21471,145.0,6.53,104705.0,70020.0,19.69,12.1858169904893
2000-07-01,105.054,2000.0,7.0,50024.0,179373700.0,4.1,172.7,4.0,73.83383,144.4,6.54,104705.0,70020.0,19.69,12.1858169904893
2000-08-01,105.768,2000.0,8.0,50079.333333333336,179445600.0,4.4,172.7,4.1,73.88296,143.7,6.5,104705.0,70020.0,19.69,12.1858169904893
2000-09-01,106.538,2000.0,9.0,50134.666666666664,179619200.0,4.0,173.6,3.9,73.86991,143.4,6.52,104705.0,70020.0,19.69,12.1858169904893
2000-10-01,107.383,2000.0,10.0,50190.0,179813600.0,4.0,173.9,3.9,73.89123000000001,143.3,6.51,104705.0,70020.0,19.69,12.1858169904893
2000-11-01,108.303,2000.0,11.0,50097.0,179924500.0,4.2,174.2,3.9,73.92628,142.7,6.51,104705.0,70020.0,19.69,12.1858169904893
2000-12-01,109.141,2000.0,12.0,50004.0,180062700.0,3.6,174.6,3.9,74.10854,142.5,6.4,104705.0,70020.0,19.69,12.1858169904893
2001-01-01,109.847,2001.0,1.0,49911.0,180347800.0,3.8,175.6,4.2,73.96535,142.0,5.98,108209.0,68870.0,20.573,12.1410204340048
2001-02-01,110.502,2001.0,2.0,49975.666666666664,180506800.0,3.7,176.0,4.2,73.87340999999999,142.4,5.49,108209.0,68870.0,20.573,12.1410204340048
2001-03-01,111.11,2001.0,3.0,50040.333333333336,180597800.0,3.8,176.1,4.3,73.90661999999999,142.4,5.31,108209.0,68870.0,20.573,12.1410204340048
2001-04-01,111.652,2001.0,4.0,50105.0,180852700.0,3.9,176.4,4.4,73.55527,142.5,4.8,108209.0,68870.0,20.573,12.1410204340048
2001-05-01,112.164,2001.0,5.0,49994.666666666664,181013100.0,4.0,177.3,4.3,73.39635,144.2,4.21,108209.0,68870.0,20.573,12.1410204340048
2001-06-01,112.797,2001.0,6.0,49884.333333333336,181358500.0,4.2,177.7,4.5,73.14294,144.3,3.97,108209.0,68870.0,20.573,12.1410204340048
2001-07-01,113.491,2001.0,7.0,49774.0,181603300.0,4.2,177.4,4.6,73.12442,143.4,3.77,108209.0,68870.0,20.573,12.1410204340048
2001-08-01,114.169,2001.0,8.0,49777.0,181866300.0,4.4,177.4,4.9,72.57876,143.3,3.65,108209.0,68870.0,20.573,12.1410204340048
2001-09-01,114.812,2001.0,9.0,49780.0,181986600.0,4.4,178.1,5.0,72.78532,143.0,3.07,108209.0,68870.0,20.573,12.1410204340048
2001-10-01,115.309,2001.0,10.0,49783.0,182250300.0,4.3,177.6,5.3,72.46415,142.3,2.49,108209.0,68870.0,20.573,12.1410204340048
2001-11-01,115.856,2001.0,11.0,49885.666666666664,182519500.0,4.1,177.5,5.5,72.31739,142.1,2.09,108209.0,68870.0,20.573,12.1410204340048
2001-12-01,116.454,2001.0,12.0,49988.333333333336,182718300.0,3.8,177.4,5.7,72.23909,141.7,1.82,108209.0,68870.0,20.573,12.1410204340048
2002-01-01,117.143,2002.0,1.0,50091.0,182669600.0,4.2,177.7,5.7,72.03213000000001,142.0,1.73,109297.0,68310.0,24.183,12.113268087791
2002-02-01,117.844,2002.0,2.0,50156.0,182823800.0,4.0,178.0,5.7,72.33785,142.2,1.74,109297.0,68310.0,24.183,12.113268087791
2002-03-01,118.687,2002.0,3.0,50221.0,183080500.0,4.1,178.5,5.7,72.15527,143.2,1.73,109297.0,68310.0,24.183,12.113268087791
2002-04-01,119.611,2002.0,4.0,50286.0,183317000.0,4.3,179.3,5.9,71.90215,143.5,1.75,109297.0,68310.0,24.183,12.113268087791
2002-05-01,120.723,2002.0,5.0,50311.333333333336,183462700.0,4.0,179.5,5.8,72.01942,143.8,1.75,109297.0,68310.0,24.183,12.113268087791
2002-06-01,121.813,2002.0,6.0,50336.666666666664,183672500.0,4.2,179.6,5.8,71.84235,144.3,1.75,109297.0,68310.0,24.183,12.113268087791
2002-07-01,122.889,2002.0,7.0,50362.0,183871700.0,4.2,180.0,5.8,71.74481,144.7,1.73,109297.0,68310.0,24.183,12.113268087791
2002-08-01,123.832,2002.0,8.0,50342.0,184127400.0,4.0,180.5,5.7,71.88319,145.1,1.74,109297.0,68310.0,24.183,12.113268087791
2002-09-01,124.781,2002.0,9.0,50322.0,184244600.0,3.9,180.8,5.7,72.05139,145.4,1.75,109297.0,68310.0,24.183,12.113268087791
2002-10-01,125.735,2002.0,10.0,50302.0,184456200.0,4.0,181.2,5.7,71.87513,145.0,1.75,109297.0,68310.0,24.183,12.113268087791
2002-11-01,126.67,2002.0,11.0,50355.333333333336,184790700.0,4.0,181.5,5.9,71.54896,144.6,1.34,109297.0,68310.0,24.183,12.113268087791
2002-12-01,127.624,2002.0,12.0,50408.666666666664,184909300.0,4.0,181.8,6.0,71.57887,144.3,1.24,109297.0,68310.0,24.183,12.113268087791
2003-01-01,128.461,2003.0,1.0,50462.0,185658100.0,4.0,182.6,5.8,71.5936,144.4,1.24,111278.0,68350.0,25.93,12.103110972241
2003-02-01,129.356,2003.0,2.0,50573.333333333336,185828500.0,4.5,183.6,5.9,71.51593000000001,145.2,1.26,111278.0,68350.0,25.93,12.103110972241
2003-03-01,130.148,2003.0,3.0,50684.666666666664,186122600.0,4.1,183.9,5.9,71.39315,145.2,1.25,111278.0,68350.0,25.93,12.103110972241
2003-04-01,130.885,2003.0,4.0,50796.0,186476400.0,4.1,183.2,6.0,71.38877,145.9,1.26,111278.0,68350.0,25.93,12.103110972241
2003-05-01,131.735,2003.0,5.0,51034.666666666664,186699500.0,3.9,182.9,6.1,71.22089,145.8,1.26,111278.0,68350.0,25.93,12.103110972241
2003-06-01,132.649,2003.0,6.0,51273.333333333336,186893500.0,3.5,183.1,6.3,71.22958,146.1,1.22,111278.0,68350.0,25.93,12.103110972241
2003-07-01,133.77700000000002,2003.0,7.0,51512.0,187169800.0,3.6,183.7,6.2,71.00498,147.0,1.01,111278.0,68350.0,25.93,12.103110972241
2003-08-01,134.968,2003.0,8.0,51670.0,187381900.0,3.5,184.5,6.1,71.01456,147.2,1.03,111278.0,68350.0,25.93,12.103110972241
2003-09-01,136.295,2003.0,9.0,51828.0,187557800.0,3.8,185.1,6.1,70.92277,149.0,1.01,111278.0,68350.0,25.93,12.103110972241
2003-10-01,137.533,2003.0,10.0,51986.0,187715600.0,3.8,184.9,6.0,71.05329,149.6,1.01,111278.0,68350.0,25.93,12.103110972241
2003-11-01,138.795,2003.0,11.0,52050.333333333336,187912600.0,4.1,185.0,5.8,71.12973000000001,150.2,1.0,111278.0,68350.0,25.93,12.103110972241
2003-12-01,140.181,2003.0,12.0,52114.666666666664,188026300.0,4.0,185.5,5.7,71.10191,149.7,0.98,111278.0,68350.0,25.93,12.103110972241
2004-01-01,141.64700000000002,2004.0,1.0,52179.0,187567300.0,3.8,186.3,5.7,71.26109,150.0,1.0,112000.0,68250.0,27.201,12.1109989202413
2004-02-01,143.192,2004.0,2.0,52275.666666666664,187832100.0,3.7,186.7,5.6,71.20364000000001,153.4,1.01,112000.0,68250.0,27.201,12.1109989202413
2004-03-01,145.058,2004.0,3.0,52372.333333333336,188108700.0,3.6,187.1,5.8,71.04626999999999,156.5,1.0,112000.0,68250.0,27.201,12.1109989202413
2004-04-01,146.593,2004.0,4.0,52469.0,188338200.0,4.0,187.4,5.6,71.19495,160.1,1.0,112000.0,68250.0,27.201,12.1109989202413
2004-05-01,148.186,2004.0,5.0,52591.0,188541600.0,3.8,188.2,5.6,71.14197,162.7,1.0,112000.0,68250.0,27.201,12.1109989202413
2004-06-01,149.852,2004.0,6.0,52713.0,188690800.0,3.9,188.9,5.6,71.10715,162.0,1.03,112000.0,68250.0,27.201,12.1109989202413
2004-07-01,151.339,2004.0,7.0,52835.0,188781600.0,4.5,189.1,5.5,71.29611,162.2,1.26,112000.0,68250.0,27.201,12.1109989202413
2004-08-01,152.635,2004.0,8.0,52970.666666666664,189028500.0,4.3,189.2,5.4,71.25818000000001,165.9,1.43,112000.0,68250.0,27.201,12.1109989202413
2004-09-01,154.18,2004.0,9.0,53106.333333333336,189280600.0,4.1,189.8,5.4,71.16156,167.2,1.61,112000.0,68250.0,27.201,12.1109989202413
2004-10-01,155.752,2004.0,10.0,53242.0,189470800.0,3.9,190.8,5.5,71.22906,165.9,1.76,112000.0,68250.0,27.201,12.1109989202413
2004-11-01,157.529,2004.0,11.0,53401.0,189646100.0,4.3,191.7,5.4,71.36241,165.5,1.93,112000.0,68250.0,27.201,12.1109989202413
2004-12-01,159.332,2004.0,12.0,53560.0,189848500.0,4.1,191.7,5.4,71.30606,166.3,2.16,112000.0,68250.0,27.201,12.1109989202413
2005-01-01,161.289,2005.0,1.0,53719.0,190033400.0,4.4,191.6,5.3,71.31754000000001,168.6,2.28,113343.0,69310.0,27.651,12.1307281353119
2005-02-01,163.346,2005.0,2.0,53768.666666666664,190207300.0,4.3,192.4,5.4,71.23366,170.4,2.5,113343.0,69310.0,27.651,12.1307281353119
2005-03-01,165.81400000000002,2005.0,3.0,53818.333333333336,190428500.0,4.1,193.1,5.2,71.28268,170.0,2.63,113343.0,69310.0,27.651,12.1307281353119
2005-04-01,167.503,2005.0,4.0,53868.0,190494300.0,4.3,193.7,5.2,71.41824,170.0,2.79,113343.0,69310.0,27.651,12.1307281353119
2005-05-01,169.352,2005.0,5.0,53963.0,190682900.0,4.2,193.6,5.1,71.5245,168.1,3.0,113343.0,69310.0,27.651,12.1307281353119
2005-06-01,171.192,2005.0,6.0,54058.0,190897600.0,4.3,193.7,5.0,71.48546,167.8,3.04,113343.0,69310.0,27.651,12.1307281353119
2005-07-01,172.861,2005.0,7.0,54153.0,191053600.0,4.2,194.9,5.0,71.62018,167.2,3.26,113343.0,69310.0,27.651,12.1307281353119
2005-08-01,174.44400000000002,2005.0,8.0,54207.666666666664,191192100.0,4.5,196.1,4.9,71.81367,165.9,3.5,113343.0,69310.0,27.651,12.1307281353119
2005-09-01,176.438,2005.0,9.0,54262.333333333336,191474900.0,4.7,198.8,5.0,71.69225,168.9,3.62,113343.0,69310.0,27.651,12.1307281353119
2005-10-01,178.028,2005.0,10.0,54317.0,191700600.0,4.5,199.1,5.0,71.7014,171.6,3.78,113343.0,69310.0,27.651,12.1307281353119
2005-11-01,179.68200000000002,2005.0,11.0,54520.333333333336,191993600.0,5.0,198.1,5.0,71.56684,172.7,4.0,113343.0,69310.0,27.651,12.1307281353119
2005-12-01,180.911,2005.0,12.0,54723.666666666664,192186900.0,4.9,198.1,4.9,71.63428,173.5,4.16,113343.0,69310.0,27.651,12.1307281353119
2006-01-01,182.321,2006.0,1.0,54927.0,192325600.0,5.3,199.3,4.7,71.68701,177.2,4.29,114384.0,70080.0,28.604,12.1840000918956
2006-02-01,183.288,2006.0,2.0,54933.0,192511900.0,6.1,199.4,4.8,71.76911,177.7,4.49,114384.0,70080.0,28.604,12.1840000918956
2006-03-01,184.364,2006.0,3.0,54939.0,192617600.0,5.9,199.7,4.7,71.81985,178.3,4.59,114384.0,70080.0,28.604,12.1840000918956
2006-04-01,184.329,2006.0,4.0,54945.0,192791000.0,6.3,200.7,4.7,71.79678,179.0,4.79,114384.0,70080.0,28.604,12.1840000918956
2006-05-01,184.155,2006.0,5.0,54925.333333333336,192947200.0,6.2,201.3,4.6,71.8729,179.9,4.94,114384.0,70080.0,28.604,12.1840000918956
2006-06-01,183.507,2006.0,6.0,54905.666666666664,193182900.0,6.3,201.8,4.6,72.01243000000001,180.7,4.99,114384.0,70080.0,28.604,12.1840000918956
2006-07-01,183.066,2006.0,7.0,54886.0,193411800.0,7.3,202.9,4.7,72.02184,182.3,5.24,114384.0,70080.0,28.604,12.1840000918956
2006-08-01,182.594,2006.0,8.0,54996.0,193525500.0,6.7,203.8,4.7,72.10651,182.6,5.25,114384.0,70080.0,28.604,12.1840000918956
2006-09-01,182.798,2006.0,9.0,55106.0,193585500.0,6.7,202.8,4.5,72.05521,183.3,5.25,114384.0,70080.0,28.604,12.1840000918956
2006-10-01,183.198,2006.0,10.0,55216.0,193709600.0,7.3,201.9,4.4,72.24468,182.3,5.25,114384.0,70080.0,28.604,12.1840000918956
2006-11-01,183.608,2006.0,11.0,55230.666666666664,193923400.0,6.6,202.0,4.5,72.17619,179.8,5.25,114384.0,70080.0,28.604,12.1840000918956
2006-12-01,184.139,2006.0,12.0,55245.333333333336,194094400.0,6.5,203.1,4.4,72.31515,179.8,5.24,114384.0,70080.0,28.604,12.1840000918956
2007-01-01,184.517,2007.0,1.0,55260.0,194823000.0,7.2,203.437,4.6,72.12139,181.1,5.25,116011.0,71210.0,29.512,12.310107950036
2007-02-01,184.599,2007.0,2.0,55331.333333333336,195054900.0,7.9,204.226,4.5,71.96459,181.5,5.26,116011.0,71210.0,29.512,12.310107950036
2007-03-01,184.151,2007.0,3.0,55402.666666666664,195156700.0,7.9,205.288,4.4,71.99615,182.5,5.26,116011.0,71210.0,29.512,12.310107950036
2007-04-01,183.011,2007.0,4.0,55474.0,195254200.0,7.4,205.904,4.5,71.71086,183.7,5.25,116011.0,71210.0,29.512,12.310107950036
2007-05-01,181.601,2007.0,5.0,55532.333333333336,195416400.0,7.8,206.755,4.4,71.75695999999999,184.0,5.25,116011.0,71210.0,29.512,12.310107950036
2007-06-01,180.253,2007.0,6.0,55590.666666666664,195663400.0,8.2,207.234,4.6,71.77553,184.0,5.25,116011.0,71210.0,29.512,12.310107950036
2007-07-01,179.11,2007.0,7.0,55649.0,195834000.0,8.3,207.603,4.7,71.74485,184.2,5.26,116011.0,71210.0,29.512,12.310107950036
2007-08-01,178.116,2007.0,8.0,55718.333333333336,195971500.0,9.2,207.667,4.6,71.58292,183.9,5.02,116011.0,71210.0,29.512,12.310107950036
2007-09-01,177.55700000000002,2007.0,9.0,55787.666666666664,196067500.0,9.2,208.547,4.7,71.71079,183.4,4.94,116011.0,71210.0,29.512,12.310107950036
2007-10-01,176.623,2007.0,10.0,55857.0,196110400.0,8.5,209.19,4.7,71.5847,183.0,4.76,116011.0,71210.0,29.512,12.310107950036
2007-11-01,175.146,2007.0,11.0,55737.0,196172300.0,9.4,210.834,4.7,71.77058000000001,183.3,4.49,116011.0,71210.0,29.512,12.310107950036
2007-12-01,174.34,2007.0,12.0,55617.0,196412600.0,9.6,211.445,5.0,71.54902,183.5,4.24,116011.0,71210.0,29.512,12.310107950036
2008-01-01,173.13099999999997,2008.0,1.0,55497.0,196060100.0,9.3,212.174,5.0,71.67531,184.3,3.94,116783.0,68780.0,29.876,12.4866608131465
2008-02-01,171.53900000000002,2008.0,2.0,55566.333333333336,196238100.0,9.7,212.687,4.9,71.43526,185.7,2.98,116783.0,68780.0,29.876,12.4866608131465
2008-03-01,170.05200000000002,2008.0,3.0,55635.666666666664,196376500.0,10.5,213.448,5.1,71.4235,187.8,2.61,116783.0,68780.0,29.876,12.4866608131465
2008-04-01,168.33599999999998,2008.0,4.0,55705.0,196226700.0,10.3,213.942,5.0,71.4098,190.9,2.28,116783.0,68780.0,29.876,12.4866608131465
2008-05-01,166.658,2008.0,5.0,55562.666666666664,196452200.0,10.7,215.208,5.4,71.20111999999999,195.8,1.98,116783.0,68780.0,29.876,12.4866608131465
2008-06-01,165.017,2008.0,6.0,55420.333333333336,196513900.0,10.7,217.463,5.6,71.12,200.4,2.0,116783.0,68780.0,29.876,12.4866608131465
2008-07-01,163.565,2008.0,7.0,55278.0,196569300.0,10.5,219.016,5.8,70.92291999999999,203.4,2.01,116783.0,68780.0,29.876,12.4866608131465
2008-08-01,161.988,2008.0,8.0,54832.333333333336,196691800.0,11.3,218.69,6.1,70.7018,206.5,2.0,116783.0,68780.0,29.876,12.4866608131465
2008-09-01,160.30700000000002,2008.0,9.0,54386.666666666664,196839600.0,10.9,218.877,6.1,70.51894,206.3,1.81,116783.0,68780.0,29.876,12.4866608131465
2008-10-01,158.327,2008.0,10.0,53941.0,196973100.0,11.6,216.995,6.5,70.36832,201.8,0.97,116783.0,68780.0,29.876,12.4866608131465
2008-11-01,156.142,2008.0,11.0,53701.0,197132600.0,11.4,213.153,6.8,69.92585,199.6,0.39,116783.0,68780.0,29.876,12.4866608131465
2008-12-01,153.618,2008.0,12.0,53461.0,197422000.0,11.2,211.398,7.3,69.55459,194.8,0.16,116783.0,68780.0,29.876,12.4866608131465
2009-01-01,151.507,2009.0,1.0,53221.0,197060500.0,12.2,211.933,7.8,69.04105,193.3,0.15,117181.0,68340.0,32.883,12.6710930384686
2009-02-01,150.014,2009.0,2.0,53153.0,197288500.0,10.5,212.705,8.3,68.7483,191.2,0.22,117181.0,68340.0,32.883,12.6710930384686
2009-03-01,148.66,2009.0,3.0,53085.0,197533300.0,11.0,212.495,8.7,68.23716,190.2,0.18,117181.0,68340.0,32.883,12.6710930384686
2009-04-01,147.94799999999998,2009.0,4.0,53017.0,197857300.0,10.7,212.709,9.0,68.14219,188.1,0.15,117181.0,68340.0,32.883,12.6710930384686
2009-05-01,147.694,2009.0,5.0,53038.333333333336,197952400.0,9.3,213.022,9.4,67.77507,186.9,0.18,117181.0,68340.0,32.883,12.6710930384686
2009-06-01,148.089,2009.0,6.0,53059.666666666664,197604500.0,8.5,214.79,9.5,67.81149,187.1,0.21,117181.0,68340.0,32.883,12.6710930384686
2009-07-01,148.409,2009.0,7.0,53081.0,197701100.0,7.9,214.726,9.5,67.69054,187.6,0.16,117181.0,68340.0,32.883,12.6710930384686
2009-08-01,148.27700000000002,2009.0,8.0,53231.0,198050000.0,7.5,215.445,9.6,67.3194,188.1,0.16,117181.0,68340.0,32.883,12.6710930384686
2009-09-01,148.025,2009.0,9.0,53381.0,198374000.0,7.8,215.861,9.8,66.88314,189.3,0.15,117181.0,68340.0,32.883,12.6710930384686
2009-10-01,147.85,2009.0,10.0,53531.0,198663500.0,7.4,216.509,10.0,66.61475,189.7,0.12,117181.0,68340.0,32.883,12.6710930384686
2009-11-01,148.136,2009.0,11.0,53581.666666666664,198712600.0,7.6,217.234,9.9,66.69251,189.2,0.12,117181.0,68340.0,32.883,12.6710930384686
2009-12-01,147.93,2009.0,12.0,53632.333333333336,198771900.0,8.0,217.347,9.9,66.43675999999999,189.4,0.12,117181.0,68340.0,32.883,12.6710930384686
2010-01-01,147.39600000000002,2010.0,1.0,53683.0,198247500.0,8.1,217.488,9.8,66.78126,190.3,0.11,117538.0,66730.0,32.669,12.8447616637143
2010-02-01,145.632,2010.0,2.0,53822.0,198433100.0,8.3,217.281,9.8,66.72556,192.2,0.13,117538.0,66730.0,32.669,12.8447616637143
2010-03-01,145.858,2010.0,3.0,53961.0,198653900.0,7.1,217.353,9.9,66.73536999999999,193.7,0.16,117538.0,66730.0,32.669,12.8447616637143
2010-04-01,146.401,2010.0,4.0,54100.0,198997900.0,6.2,217.403,9.9,66.83904,196.5,0.2,117538.0,66730.0,32.669,12.8447616637143
2010-05-01,146.391,2010.0,5.0,54200.333333333336,199087500.0,9.3,217.29,9.6,66.73334,198.9,0.2,117538.0,66730.0,32.669,12.8447616637143
2010-06-01,145.718,2010.0,6.0,54300.666666666664,198931400.0,8.3,217.199,9.4,66.74056999999999,197.2,0.18,117538.0,66730.0,32.669,12.8447616637143
2010-07-01,144.986,2010.0,7.0,54401.0,199011300.0,8.9,217.605,9.4,66.71779000000001,195.6,0.18,117538.0,66730.0,32.669,12.8447616637143
2010-08-01,143.91,2010.0,8.0,54457.0,199221400.0,8.8,217.923,9.5,66.75999,194.1,0.19,117538.0,66730.0,32.669,12.8447616637143
2010-09-01,143.014,2010.0,9.0,54513.0,199526500.0,7.6,218.275,9.5,66.64886,193.9,0.19,117538.0,66730.0,32.669,12.8447616637143
2010-10-01,142.525,2010.0,10.0,54569.0,199859900.0,8.2,219.035,9.4,66.4639,193.8,0.19,117538.0,66730.0,32.669,12.8447616637143
2010-11-01,142.167,2010.0,11.0,54493.0,199984200.0,8.2,219.59,9.8,66.38159,193.6,0.19,117538.0,66730.0,32.669,12.8447616637143
2010-12-01,142.054,2010.0,12.0,54417.0,200024900.0,7.0,220.472,9.3,66.50718,194.2,0.18,117538.0,66730.0,32.669,12.8447616637143
2011-01-01,141.516,2011.0,1.0,54341.0,199135900.0,7.3,221.187,9.1,66.69228000000001,195.9,0.17,119927.0,65750.0,34.23,13.0663304653738
2011-02-01,140.344,2011.0,2.0,54430.666666666664,199346000.0,8.1,221.898,9.0,66.60138,198.1,0.16,119927.0,65750.0,34.23,13.0663304653738
2011-03-01,139.975,2011.0,3.0,54520.333333333336,199554300.0,7.2,223.046,9.0,66.67729,199.7,0.14,119927.0,65750.0,34.23,13.0663304653738
2011-04-01,140.007,2011.0,4.0,54610.0,199940800.0,6.7,224.093,9.1,66.54429,201.1,0.1,119927.0,65750.0,34.23,13.0663304653738
2011-05-01,139.903,2011.0,5.0,54567.333333333336,200043300.0,6.6,224.806,9.0,66.5354,201.6,0.09,119927.0,65750.0,34.23,13.0663304653738
2011-06-01,139.859,2011.0,6.0,54524.666666666664,199988500.0,6.6,224.806,9.1,66.42551999999999,201.9,0.09,119927.0,65750.0,34.23,13.0663304653738
2011-07-01,139.727,2011.0,7.0,54482.0,200106000.0,6.7,225.395,9.0,66.41659,202.6,0.07,119927.0,65750.0,34.23,13.0663304653738
2011-08-01,139.306,2011.0,8.0,54647.666666666664,200137900.0,6.5,226.106,9.0,66.66628,202.8,0.1,119927.0,65750.0,34.23,13.0663304653738
2011-09-01,138.664,2011.0,9.0,54813.333333333336,200256900.0,6.3,226.597,9.0,66.68606,202.7,0.08,119927.0,65750.0,34.23,13.0663304653738
2011-10-01,137.947,2011.0,10.0,54979.0,200420800.0,6.0,226.75,8.8,66.66624,202.7,0.07,119927.0,65750.0,34.23,13.0663304653738
2011-11-01,137.14600000000002,2011.0,11.0,55100.0,200324200.0,5.7,227.169,8.6,66.80722,202.2,0.08,119927.0,65750.0,34.23,13.0663304653738
2011-12-01,136.668,2011.0,12.0,55221.0,200310900.0,5.3,227.223,8.5,66.84258,202.2,0.07,119927.0,65750.0,34.23,13.0663304653738
2012-01-01,136.602,2012.0,1.0,55342.0,200969900.0,5.3,227.842,8.3,66.92260999999999,203.9,0.08,121084.0,65740.0,33.283,13.3766080380696
2012-02-01,136.526,2012.0,2.0,55391.333333333336,201102100.0,4.8,228.329,8.3,66.96504,205.1,0.1,121084.0,65740.0,33.283,13.3766080380696
2012-03-01,137.89700000000002,2012.0,3.0,55440.666666666664,201257800.0,4.9,228.807,8.2,66.98318,205.7,0.13,121084.0,65740.0,33.283,13.3766080380696
2012-04-01,139.148,2012.0,4.0,55490.0,201505100.0,4.9,229.187,8.2,66.93321,206.3,0.14,121084.0,65740.0,33.283,13.3766080380696
2012-05-01,140.149,2012.0,5.0,55478.0,201526600.0,4.7,228.713,8.2,67.06268,206.5,0.16,121084.0,65740.0,33.283,13.3766080380696
2012-06-01,141.02700000000002,2012.0,6.0,55466.0,201452500.0,4.8,228.524,8.2,67.13185,206.6,0.16,121084.0,65740.0,33.283,13.3766080380696
2012-07-01,141.66899999999998,2012.0,7.0,55454.0,201486100.0,4.6,228.59,8.2,67.05691999999999,206.2,0.16,121084.0,65740.0,33.283,13.3766080380696
2012-08-01,142.279,2012.0,8.0,55437.0,201589900.0,4.6,229.918,8.1,67.01305,205.5,0.13,121084.0,65740.0,33.283,13.3766080380696
2012-09-01,142.905,2012.0,9.0,55420.0,201605500.0,4.5,231.015,7.8,67.3108,206.6,0.14,121084.0,65740.0,33.283,13.3766080380696
2012-10-01,143.596,2012.0,10.0,55403.0,201658900.0,4.9,231.638,7.8,67.49129,205.5,0.16,121084.0,65740.0,33.283,13.3766080380696
2012-11-01,144.579,2012.0,11.0,55555.0,201707200.0,4.6,231.249,7.7,67.27425,205.6,0.16,121084.0,65740.0,33.283,13.3766080380696
2012-12-01,145.495,2012.0,12.0,55707.0,201843900.0,4.5,231.221,7.9,67.29661999999999,206.4,0.16,121084.0,65740.0,33.283,13.3766080380696
2013-01-01,146.821,2013.0,1.0,55859.0,201721400.0,4.0,231.679,8.0,67.25693000000001,208.4,0.14,122459.0,68220.0,33.213,13.7011927174869
2013-02-01,147.779,2013.0,2.0,55877.333333333336,201886700.0,4.1,232.937,7.7,67.24462,209.1,0.15,122459.0,68220.0,33.213,13.7011927174869
2013-03-01,149.959,2013.0,3.0,55895.666666666664,202027900.0,4.2,232.282,7.5,67.18862,209.8,0.14,122459.0,68220.0,33.213,13.7011927174869
2013-04-01,151.516,2013.0,4.0,55914.0,202177500.0,4.4,231.797,7.6,67.25073,210.7,0.15,122459.0,68220.0,33.213,13.7011927174869
2013-05-01,152.847,2013.0,5.0,56033.333333333336,202292500.0,4.6,231.893,7.5,67.33829,209.5,0.11,122459.0,68220.0,33.213,13.7011927174869
2013-06-01,154.197,2013.0,6.0,56152.666666666664,202279800.0,4.1,232.445,7.5,67.35983,208.8,0.09,122459.0,68220.0,33.213,13.7011927174869
2013-07-01,155.601,2013.0,7.0,56272.0,202313200.0,5.5,232.9,7.3,67.48575,208.3,0.09,122459.0,68220.0,33.213,13.7011927174869
2013-08-01,156.958,2013.0,8.0,56395.333333333336,202487800.0,5.5,233.456,7.2,67.4217,208.9,0.08,122459.0,68220.0,33.213,13.7011927174869
2013-09-01,158.221,2013.0,9.0,56518.666666666664,202630300.0,5.4,233.544,7.2,67.47272,208.9,0.08,122459.0,68220.0,33.213,13.7011927174869
2013-10-01,159.238,2013.0,10.0,56642.0,202699200.0,4.9,233.669,7.2,67.14615,209.3,0.09,122459.0,68220.0,33.213,13.7011927174869
2013-11-01,160.07399999999998,2013.0,11.0,56543.0,202718500.0,5.0,234.1,6.9,67.45358,209.8,0.08,122459.0,68220.0,33.213,13.7011927174869
2013-12-01,160.994,2013.0,12.0,56444.0,202732500.0,5.2,234.719,6.7,67.54762,209.8,0.09,122459.0,68220.0,33.213,13.7011927174869
2014-01-01,161.924,2014.0,1.0,56345.0,202552500.0,5.1,235.288,6.6,67.72183000000001,211.7,0.07,123229.0,67360.0,33.806,14.0089266008532
2014-02-01,162.52100000000002,2014.0,2.0,56552.666666666664,202682200.0,5.3,235.547,6.7,67.70464,212.7,0.07,123229.0,67360.0,33.806,14.0089266008532
2014-03-01,163.08,2014.0,3.0,56760.333333333336,202708800.0,5.6,236.028,6.7,67.90669,213.4,0.08,123229.0,67360.0,33.806,14.0089266008532
2014-04-01,163.384,2014.0,4.0,56968.0,202805600.0,5.7,236.468,6.2,67.94473,213.6,0.09,123229.0,67360.0,33.806,14.0089266008532
2014-05-01,163.651,2014.0,5.0,57157.333333333336,202938600.0,5.2,236.918,6.3,68.02893,214.3,0.09,123229.0,67360.0,33.806,14.0089266008532
2014-06-01,164.06,2014.0,6.0,57346.666666666664,203041700.0,5.7,237.231,6.1,68.15048,214.5,0.1,123229.0,67360.0,33.806,14.0089266008532
2014-07-01,164.581,2014.0,7.0,57536.0,203033300.0,6.2,237.498,6.2,68.16122,214.8,0.09,123229.0,67360.0,33.806,14.0089266008532
2014-08-01,165.208,2014.0,8.0,57591.333333333336,203166600.0,5.4,237.46,6.1,68.21812,215.5,0.09,123229.0,67360.0,33.806,14.0089266008532
2014-09-01,165.899,2014.0,9.0,57646.666666666664,203211000.0,5.4,237.477,5.9,68.27327,215.7,0.09,123229.0,67360.0,33.806,14.0089266008532
2014-10-01,166.635,2014.0,10.0,57702.0,203255700.0,5.3,237.43,5.7,68.57693,215.9,0.09,123229.0,67360.0,33.806,14.0089266008532
2014-11-01,167.329,2014.0,11.0,57841.666666666664,203376500.0,5.7,236.983,5.8,68.52176999999999,215.8,0.09,123229.0,67360.0,33.806,14.0089266008532
2014-12-01,168.044,2014.0,12.0,57981.333333333336,203420100.0,5.1,236.252,5.6,68.48959,215.5,0.12,123229.0,67360.0,33.806,14.0089266008532
2015-01-01,168.622,2015.0,1.0,58121.0,203861300.0,4.8,234.747,5.7,68.54245,215.8,0.11,124587.0,71000.0,34.859,14.3102247136795
2015-02-01,169.118,2015.0,2.0,58206.0,203945600.0,4.5,235.342,5.5,68.53825,215.3,0.11,124587.0,71000.0,34.859,14.3102247136795
2015-03-01,169.79,2015.0,3.0,58291.0,203977100.0,5.1,235.976,5.4,68.42123000000001,215.0,0.11,124587.0,71000.0,34.859,14.3102247136795
2015-04-01,170.28799999999998,2015.0,4.0,58376.0,203992300.0,4.9,236.222,5.4,68.67567,214.5,0.12,124587.0,71000.0,34.859,14.3102247136795
2015-05-01,170.87099999999998,2015.0,5.0,58412.666666666664,204207200.0,5.0,237.001,5.6,68.79379,213.7,0.12,124587.0,71000.0,34.859,14.3102247136795
2015-06-01,171.472,2015.0,6.0,58449.333333333336,204412900.0,5.4,237.657,5.3,68.68926,213.7,0.13,124587.0,71000.0,34.859,14.3102247136795
2015-07-01,172.144,2015.0,7.0,58486.0,204509000.0,5.2,238.034,5.2,68.6395,213.7,0.13,124587.0,71000.0,34.859,14.3102247136795
2015-08-01,172.926,2015.0,8.0,58480.666666666664,204563700.0,5.0,238.033,5.1,68.75638000000001,213.3,0.14,124587.0,71000.0,34.859,14.3102247136795
2015-09-01,173.817,2015.0,9.0,58475.333333333336,204604700.0,5.9,237.498,5.0,68.66145,212.5,0.14,124587.0,71000.0,34.859,14.3102247136795
2015-10-01,174.78,2015.0,10.0,58470.0,204677400.0,5.6,237.733,5.0,68.74320999999999,212.4,0.12,124587.0,71000.0,34.859,14.3102247136795
2015-11-01,175.72400000000002,2015.0,11.0,58548.0,204727900.0,5.5,238.017,5.1,68.89714000000001,211.7,0.12,124587.0,71000.0,34.859,14.3102247136795
2015-12-01,176.528,2015.0,12.0,58626.0,204756200.0,5.1,237.761,5.0,69.09527,210.9,0.24,124587.0,71000.0,34.859,14.3102247136795
2016-01-01,177.253,2016.0,1.0,58704.0,205073400.0,5.6,237.652,4.8,69.18401,211.4,0.34,125819.0,73520.0,37.55,14.6147285118987
2016-02-01,177.634,2016.0,2.0,58731.666666666664,205102700.0,5.5,237.336,4.9,69.2552,211.3,0.38,125819.0,73520.0,37.55,14.6147285118987
2016-03-01,178.15200000000002,2016.0,3.0,58759.333333333336,205204000.0,5.5,238.08,5.0,69.28723000000001,211.6,0.36,125819.0,73520.0,37.55,14.6147285118987
2016-04-01,178.75599999999997,2016.0,4.0,58787.0,205258600.0,5.0,238.992,5.1,69.14787,212.7,0.37,125819.0,73520.0,37.55,14.6147285118987
2016-05-01,179.416,2016.0,5.0,58886.0,205415000.0,5.1,239.557,4.8,69.28368,213.7,0.37,125819.0,73520.0,37.55,14.6147285118987
2016-06-01,180.081,2016.0,6.0,58985.0,205549800.0,5.3,240.222,4.9,69.19428,214.6,0.38,125819.0,73520.0,37.55,14.6147285118987
2016-07-01,180.842,2016.0,7.0,59084.0,205690600.0,4.5,240.101,4.8,69.28542,215.3,0.39,125819.0,73520.0,37.55,14.6147285118987
2016-08-01,181.83,2016.0,8.0,59154.666666666664,205685000.0,5.0,240.545,4.9,69.3748,216.0,0.4,125819.0,73520.0,37.55,14.6147285118987
2016-09-01,182.804,2016.0,9.0,59225.333333333336,205735200.0,5.2,241.176,5.0,69.42260999999999,215.3,0.4,125819.0,73520.0,37.55,14.6147285118987
2016-10-01,183.733,2016.0,10.0,59296.0,205842400.0,5.2,241.741,4.9,69.43326,214.8,0.4,125819.0,73520.0,37.55,14.6147285118987
2016-11-01,184.743,2016.0,11.0,59362.0,205826300.0,5.2,242.026,4.7,69.55668,214.5,0.41,125819.0,73520.0,37.55,14.6147285118987
2016-12-01,185.708,2016.0,12.0,59428.0,205937300.0,5.4,242.637,4.7,69.57421,215.5,0.54,125819.0,73520.0,37.55,14.6147285118987
2017-01-01,186.786,2017.0,1.0,59494.0,205381900.0,5.4,243.618,4.7,69.6519,217.3,0.65,126224.0,74810.0,35.771,14.9391233929999
2017-02-01,187.305,2017.0,2.0,59574.666666666664,205427900.0,5.3,244.006,4.6,69.73026999999999,218.8,0.66,126224.0,74810.0,35.771,14.9391233929999
2017-03-01,187.982,2017.0,3.0,59655.333333333336,205328200.0,5.0,243.892,4.4,70.0017,219.7,0.79,126224.0,74810.0,35.771,14.9391233929999
2017-04-01,188.712,2017.0,4.0,59736.0,205360500.0,5.4,244.193,4.4,70.08795,221.0,0.9,126224.0,74810.0,35.771,14.9391233929999
2017-05-01,189.6,2017.0,5.0,59857.0,205470800.0,5.1,244.004,4.4,70.0022,221.7,0.91,126224.0,74810.0,35.771,14.9391233929999
2017-06-01,190.499,2017.0,6.0,59978.0,205639600.0,5.3,244.163,4.3,70.0959,221.9,1.04,126224.0,74810.0,35.771,14.9391233929999
2017-07-01,191.448,2017.0,7.0,60099.0,205744100.0,5.8,244.243,4.3,70.18193000000001,221.9,1.15,126224.0,74810.0,35.771,14.9391233929999
2017-08-01,192.637,2017.0,8.0,60290.666666666664,205755000.0,6.1,245.183,4.4,70.15111,222.4,1.16,126224.0,74810.0,35.771,14.9391233929999
2017-09-01,193.732,2017.0,9.0,60482.333333333336,205682100.0,5.3,246.435,4.3,70.47147,223.1,1.15,126224.0,74810.0,35.771,14.9391233929999
2017-10-01,194.781,2017.0,10.0,60674.0,205724100.0,5.5,246.626,4.2,70.27212,223.9,1.15,126224.0,74810.0,35.771,14.9391233929999
2017-11-01,195.93400000000003,2017.0,11.0,60813.666666666664,205750800.0,4.8,247.284,4.2,70.31303,223.9,1.16,126224.0,74810.0,35.771,14.9391233929999
2017-12-01,197.157,2017.0,12.0,60953.333333333336,205858700.0,5.6,247.805,4.1,70.30375,224.1,1.3,126224.0,74810.0,35.771,14.9391233929999
2018-01-01,198.295,2018.0,1.0,61093.0,206366700.0,6.0,248.859,4.0,70.32207,225.8,1.41,127586.0,75790.0,38.859,15.2914866245804
2018-02-01,199.224,2018.0,2.0,61174.0,206277200.0,5.7,249.529,4.1,70.60101999999999,228.7,1.42,127586.0,75790.0,38.859,15.2914866245804
2018-03-01,199.961,2018.0,3.0,61255.0,206231600.0,5.2,249.577,4.0,70.55009,231.3,1.51,127586.0,75790.0,38.859,15.2914866245804
2018-04-01,200.652,2018.0,4.0,61336.0,206234800.0,5.6,250.227,4.0,70.53324,232.4,1.69,127586.0,75790.0,38.859,15.2914866245804
2018-05-01,201.414,2018.0,5.0,61431.333333333336,206415300.0,5.5,250.792,3.8,70.71705,236.8,1.7,127586.0,75790.0,38.859,15.2914866245804
2018-06-01,202.217,2018.0,6.0,61526.666666666664,206576800.0,5.8,251.018,4.0,70.6917,239.2,1.82,127586.0,75790.0,38.859,15.2914866245804
2018-07-01,202.894,2018.0,7.0,61622.0,206632000.0,6.0,251.214,3.8,70.86751,239.6,1.91,127586.0,75790.0,38.859,15.2914866245804
2018-08-01,203.654,2018.0,8.0,61621.0,206728900.0,6.5,251.663,3.8,70.57257,239.4,1.91,127586.0,75790.0,38.859,15.2914866245804
2018-09-01,204.31,2018.0,9.0,61620.0,206671200.0,6.6,252.182,3.7,70.7652,240.0,1.95,127586.0,75790.0,38.859,15.2914866245804
2018-10-01,205.072,2018.0,10.0,61619.0,206643200.0,7.2,252.772,3.8,70.9353,238.7,2.19,127586.0,75790.0,38.859,15.2914866245804
2018-11-01,205.645,2018.0,11.0,61725.666666666664,206607600.0,6.4,252.594,3.8,70.98895,238.8,2.2,127586.0,75790.0,38.859,15.2914866245804
2018-12-01,206.136,2018.0,12.0,61832.333333333336,206775300.0,7.6,252.767,3.9,71.01531,238.3,2.27,127586.0,75790.0,38.859,15.2914866245804
2019-01-01,206.526,2019.0,1.0,61939.0,206327700.0,7.0,252.561,4.0,71.03258000000001,238.5,2.4,128579.0,81210.0,40.185,15.6728852475003
2019-02-01,206.849,2019.0,2.0,62087.666666666664,206311000.0,6.3,253.319,3.8,71.06921,238.1,2.4,128579.0,81210.0,40.185,15.6728852475003
2019-03-01,207.072,2019.0,3.0,62236.333333333336,206131800.0,5.6,254.277,3.8,71.05605,238.1,2.41,128579.0,81210.0,40.185,15.6728852475003
2019-04-01,207.528,2019.0,4.0,62385.0,206188600.0,5.7,255.233,3.7,71.13681,237.2,2.42,128579.0,81210.0,40.185,15.6728852475003
2019-05-01,208.144,2019.0,5.0,62597.333333333336,206463500.0,6.5,255.296,3.6,71.14389,237.3,2.39,128579.0,81210.0,40.185,15.6728852475003
2019-06-01,208.616,2019.0,6.0,62809.666666666664,206527000.0,5.4,255.213,3.6,71.24493000000001,236.3,2.38,128579.0,81210.0,40.185,15.6728852475003
2019-07-01,209.222,2019.0,7.0,63022.0,206373300.0,6.1,255.802,3.7,71.26644,235.6,2.4,128579.0,81210.0,40.185,15.6728852475003
2019-08-01,210.024,2019.0,8.0,63134.666666666664,206398400.0,5.5,256.036,3.6,71.41538,234.4,2.13,128579.0,81210.0,40.185,15.6728852475003
2019-09-01,210.827,2019.0,9.0,63247.333333333336,206305100.0,5.4,256.43,3.5,71.70806999999999,234.4,2.04,128579.0,81210.0,40.185,15.6728852475003
2019-10-01,211.719,2019.0,10.0,63360.0,206185300.0,5.3,257.155,3.6,71.71880999999999,233.8,1.83,128579.0,81210.0,40.185,15.6728852475003
2019-11-01,212.758,2019.0,11.0,63045.333333333336,206199500.0,5.4,257.879,3.6,71.69328,232.8,1.55,128579.0,81210.0,40.185,15.6728852475003
2019-12-01,213.93,2019.0,12.0,62730.666666666664,206268400.0,5.5,258.63,3.6,71.70168000000001,232.2,1.55,128579.0,81210.0,40.185,15.6728852475003
2020-01-01,215.025,2020.0,1.0,62416.0,205746300.0,5.7,258.906,3.6,71.76785,233.4,1.55,128451.0,79560.0,44.147,16.0719119439363
2020-02-01,215.887,2020.0,2.0,60760.333333333336,205651000.0,5.6,259.246,3.5,71.80309,234.6,1.58,128451.0,79560.0,44.147,16.0719119439363
2020-03-01,216.44,2020.0,3.0,59104.666666666664,205303300.0,6.4,258.15,4.4,70.50941,236.3,0.65,128451.0,79560.0,44.147,16.0719119439363
2020-04-01,216.84,2020.0,4.0,57449.0,206911300.0,6.7,256.126,14.8,60.16658,234.3,0.05,128451.0,79560.0,44.147,16.0719119439363
2020-05-01,216.977,2020.0,5.0,58937.666666666664,206867800.0,5.3,255.848,13.2,62.23649,233.3,0.05,128451.0,79560.0,44.147,16.0719119439363
2020-06-01,217.542,2020.0,6.0,60426.333333333336,205554600.0,4.0,257.004,11.0,64.78316,234.8,0.08,128451.0,79560.0,44.147,16.0719119439363
2020-07-01,219.25,2020.0,7.0,61915.0,205342600.0,3.5,258.408,10.2,65.38492,237.0,0.09,128451.0,79560.0,44.147,16.0719119439363
2020-08-01,222.265,2020.0,8.0,62128.0,205693400.0,3.3,259.366,8.4,66.85321,240.9,0.1,128451.0,79560.0,44.147,16.0719119439363
2020-09-01,225.71,2020.0,9.0,62341.0,206093800.0,3.5,259.951,7.8,66.90963,246.9,0.09,128451.0,79560.0,44.147,16.0719119439363
2020-10-01,229.65,2020.0,10.0,62554.0,205972500.0,3.3,260.249,6.8,67.90241,246.4,0.09,128451.0,79560.0,44.147,16.0719119439363
2020-11-01,233.219,2020.0,11.0,62845.333333333336,206163500.0,3.9,260.895,6.7,67.82038,244.3,0.09,128451.0,79560.0,44.147,16.0719119439363
2020-12-01,236.533,2020.0,12.0,63136.666666666664,206145100.0,4.1,262.005,6.7,67.95974,248.0,0.09,128451.0,79560.0,44.147,16.0719119439363
2021-01-01,239.69,2021.0,1.0,63428.0,205149200.0,4.1,262.518,6.4,68.20076999999999,256.4,0.09,129224.0,79260.0,45.299,16.4737700238047
2021-02-01,242.426,2021.0,2.0,63749.333333333336,205156600.0,4.8,263.583,6.2,68.46297,264.6,0.08,129224.0,79260.0,45.299,16.4737700238047
2021-03-01,245.509,2021.0,3.0,64070.666666666664,205129800.0,4.3,264.91,6.1,68.58283,276.7,0.07,129224.0,79260.0,45.299,16.4737700238047
2021-04-01,249.078,2021.0,4.0,64392.0,205507000.0,4.6,266.752,6.1,68.64333,291.8,0.07,129224.0,79260.0,45.299,16.4737700238047
2021-05-01,253.343,2021.0,5.0,64553.666666666664,205657600.0,5.5,268.452,5.8,68.97292,305.9,0.06,129224.0,79260.0,45.299,16.4737700238047
2021-06-01,258.17900000000003,2021.0,6.0,64715.333333333336,205407900.0,6.0,270.664,5.9,69.10502,315.7,0.08,129224.0,79260.0,45.299,16.4737700238047
2021-07-01,262.55400000000003,2021.0,7.0,64877.0,205308700.0,6.0,271.994,5.4,69.67126,313.542,0.1,129224.0,79260.0,45.299,16.4737700238047
2021-08-01,266.599,2021.0,8.0,65246.666666666664,205299500.0,6.5,272.789,5.1,69.6769,313.083,0.09,129224.0,79260.0,45.299,16.4737700238047
2021-09-01,270.151,2021.0,9.0,65616.33333333333,205464800.0,6.2,273.887,4.7,69.92769,317.136,0.08,129224.0,79260.0,45.299,16.4737700238047
2021-10-01,273.567,2021.0,10.0,65986.0,205333100.0,6.7,276.434,4.5,70.21826999999999,322.12,0.08,129224.0,79260.0,45.299,16.4737700238047
2021-11-01,277.286,2021.0,11.0,65917.0,205338600.0,5.9,278.799,4.1,70.63367,328.94,0.08,129224.0,79260.0,45.299,16.4737700238047
2021-12-01,281.47900000000004,2021.0,12.0,65848.0,205318700.0,5.6,280.808,3.9,70.84324000000001,335.032,0.08,129224.0,79260.0,45.299,16.4737700238047
2022-01-01,286.219,2022.0,1.0,65779.0,207067600.0,5.9,282.39,4.0,70.73232,345.742,0.08,131202.0,77540.0,48.021,16.9196203896458
2022-02-01,291.267,2022.0,2.0,65772.66666666667,206999600.0,6.1,284.535,3.8,70.89709,343.583,0.08,131202.0,77540.0,48.021,16.9196203896458
2022-03-01,296.456,2022.0,3.0,65766.33333333333,206834800.0,6.9,287.553,3.6,71.21825,345.852,0.2,131202.0,77540.0,48.021,16.9196203896458
2022-04-01,300.47,2022.0,4.0,65760.0,206950000.0,8.2,288.764,3.7,71.19268000000001,343.786,0.33,131202.0,77540.0,48.021,16.9196203896458
2022-05-01,303.504,2022.0,5.0,65878.33333333333,207149400.0,8.1,291.359,3.6,71.3598,353.015,0.77,131202.0,77540.0,48.021,16.9196203896458
2022-06-01,304.32,2022.0,6.0,65996.66666666667,207392100.0,9.9,294.996,3.6,71.23119,349.8,1.21,131202.0,77540.0,48.021,16.9196203896458
2022-07-01,303.394,2022.0,7.0,66115.0,207489300.0,10.6,294.977,3.5,71.32159,346.79,1.68,131202.0,77540.0,48.021,16.9196203896458
2022-08-01,301.063,2022.0,8.0,66268.33333333333,207426000.0,8.6,295.209,3.6,71.48091,342.753,2.33,131202.0,77540.0,48.021,16.9196203896458
2022-09-01,299.027,2022.0,9.0,66421.66666666667,207486300.0,9.9,296.341,3.5,71.41207,336.464,2.56,131202.0,77540.0,48.021,16.9196203896458
2022-10-01,298.693,2022.0,10.0,66575.0,207527000.0,9.7,297.863,3.6,71.29916,333.796,3.08,131202.0,77540.0,48.021,16.9196203896458
2022-11-01,298.41700000000003,2022.0,11.0,66705.66666666667,207551100.0,9.2,298.648,3.6,71.32238000000001,330.369,3.78,131202.0,77540.0,48.021,16.9196203896458
2022-12-01,297.649,2022.0,12.0,66836.33333333333,207555600.0,8.6,298.812,3.5,71.64265999999999,326.449,4.1,131202.0,77540.0,48.021,16.9196203896458
2023-01-01,297.569,2023.0,1.0,66967.0,208307500.0,8.3,300.356,3.4,71.69236,327.338,4.33,131434.0,80610.0,53.573,17.4318194823539
2023-02-01,297.958,2023.0,2.0,67076.33333333333,208350700.0,8.4,301.509,3.6,71.77172,330.532,4.57,131434.0,80610.0,53.573,17.4318194823539
2023-03-01,298.958,2023.0,3.0,67185.66666666667,208204600.0,8.1,301.744,3.5,71.85798,331.729,4.65,131434.0,80610.0,53.573,17.4318194823539
2023-04-01,300.345,2023.0,4.0,67295.0,208312600.0,7.5,303.032,3.4,71.954,333.366,4.83,131434.0,80610.0,53.573,17.4318194823539
2023-05-01,302.411,2023.0,5.0,67502.0,208514000.0,6.9,303.365,3.7,71.93533000000001,337.473,5.06,131434.0,80610.0,53.573,17.4318194823539
2023-06-01,304.4,2023.0,6.0,67709.0,208668100.0,7.7,304.003,3.6,71.98159,337.336,5.08,131434.0,80610.0,53.573,17.4318194823539
2023-07-01,306.598,2023.0,7.0,67916.0,208808500.0,7.3,304.628,3.5,71.93838000000001,334.512,5.12,131434.0,80610.0,53.573,17.4318194823539
